{"count":1,"self":47.1853376,"total":49.1676394,"children":{"AgentResetIfDone":{"count":2412,"self":0.0087015,"total":0.0087015,"children":null},"AgentSendState":{"count":2412,"self":0.030295,"total":0.038296199999999996,"children":{"CollectObservations":{"count":4824,"self":0.0080012,"total":0.0080012,"children":null}}},"DecideAction":{"count":2412,"self":1.7419456,"total":1.7419456999999998,"children":null},"AcademyStep":{"count":2412,"self":0.0120358,"total":0.0120358,"children":null},"AgentAct":{"count":2412,"self":0.1803285,"total":0.1803285,"children":null}}}