{"count":1,"self":10.5956856,"total":84.762874599999989,"children":{"AgentResetIfDone":{"count":23001,"self":0.18112499999999998,"total":0.18112499999999998,"children":null},"AgentSendState":{"count":23001,"self":0.61838969999999993,"total":1.2029045,"children":{"CollectObservations":{"count":53669,"self":0.5845148,"total":0.5845148,"children":null}}},"DecideAction":{"count":23001,"self":71.9978304,"total":72.1864423,"children":{"AgentInfo.ToProto":{"count":7667,"self":0.188612,"total":0.188612,"children":null}}},"AcademyStep":{"count":23001,"self":0.0891178,"total":0.0891178,"children":null},"AgentAct":{"count":23001,"self":0.5066045,"total":0.5066045,"children":null}}}