{"count":1,"self":54.784031999999996,"total":54.953595799999995,"children":{"AgentResetIfDone":{"count":2681,"self":0.010668799999999999,"total":0.010668799999999999,"children":null},"AgentSendState":{"count":2681,"self":0.0293579,"total":0.0587961,"children":{"CollectObservations":{"count":6257,"self":0.029438199999999998,"total":0.029438199999999998,"children":null}}},"DecideAction":{"count":2681,"self":0.018598,"total":0.018598,"children":null},"AcademyStep":{"count":2681,"self":0.0059302999999999995,"total":0.0059302999999999995,"children":null},"AgentAct":{"count":2681,"self":0.074573,"total":0.074573,"children":null}}}