{"count":1,"self":60.3929152,"total":60.667793599999996,"children":{"AgentResetIfDone":{"count":1101,"self":0.037128999999999995,"total":0.037128999999999995,"children":null},"AgentSendState":{"count":1101,"self":0.075746399999999992,"total":0.1300696,"children":{"CollectObservations":{"count":2202,"self":0.054323199999999995,"total":0.054323199999999995,"children":null}}},"DecideAction":{"count":1101,"self":0.0312191,"total":0.0312191,"children":null},"AcademyStep":{"count":1101,"self":0.0184288,"total":0.0184288,"children":null},"AgentAct":{"count":1101,"self":0.054041,"total":0.054041,"children":null}}}