{"count":1,"self":17.594340799999998,"total":190.2895843,"children":{"AgentResetIfDone":{"count":29417,"self":0.2119671,"total":0.2119671,"children":null},"AgentSendState":{"count":29417,"self":0.5851128,"total":0.8439571,"children":{"CollectObservations":{"count":39223,"self":0.25884429999999997,"total":0.25884429999999997,"children":null}}},"DecideAction":{"count":29417,"self":170.7459968,"total":171.2773221,"children":{"AgentInfo.ToProto":{"count":58834,"self":0.5313268,"total":0.5313268,"children":null}}},"AcademyStep":{"count":29417,"self":0.1032873,"total":0.1032873,"children":null},"AgentAct":{"count":29417,"self":0.25770909999999997,"total":0.25770909999999997,"children":null}}}