{"count":1,"self":20.6160128,"total":20.71137,"children":{"AgentResetIfDone":{"count":947,"self":0.0078358,"total":0.0078358,"children":null},"AgentSendState":{"count":947,"self":0.02204,"total":0.043690799999999995,"children":{"CollectObservations":{"count":2211,"self":0.021650799999999998,"total":0.021650799999999998,"children":null}}},"DecideAction":{"count":947,"self":0.0159954,"total":0.0159954,"children":null},"AcademyStep":{"count":947,"self":0.0029245,"total":0.0029245,"children":null},"AgentAct":{"count":947,"self":0.0239109,"total":0.0239109,"children":null}}}