{"count":1,"self":243.22009599999998,"total":243.3670709,"children":{"AgentResetIfDone":{"count":3016,"self":0.0088693,"total":0.0088693,"children":null},"AgentSendState":{"count":3016,"self":0.029813299999999997,"total":0.054443899999999996,"children":{"CollectObservations":{"count":7040,"self":0.0246306,"total":0.0246306,"children":null}}},"DecideAction":{"count":3016,"self":0.0267285,"total":0.0267285,"children":null},"AcademyStep":{"count":3016,"self":0.0126872,"total":0.0126872,"children":null},"AgentAct":{"count":3016,"self":0.0442541,"total":0.0442541,"children":null}}}