{"count":1,"self":17.5696832,"total":17.6138065,"children":{"AgentResetIfDone":{"count":824,"self":0.0048407,"total":0.0048407,"children":null},"AgentSendState":{"count":824,"self":0.0087628,"total":0.018517199999999998,"children":{"CollectObservations":{"count":1648,"self":0.0097544,"total":0.0097544,"children":null}}},"DecideAction":{"count":824,"self":0.0069942,"total":0.0069942,"children":null},"AcademyStep":{"count":824,"self":0.0048608,"total":0.0048608,"children":null},"AgentAct":{"count":824,"self":0.0079128,"total":0.0079128,"children":null}}}